filename,source_path,match_strategy,head_count
D02_20260420073459_000970.jpg,frames_with_people\diyas\batch_001\frame_000970s.jpg,source_numeric,16
D02_20260420073459_000971.jpg,frames_with_people\diyas\batch_001\frame_000971s.jpg,source_numeric,15
D02_20260420073459_000972.jpg,frames_with_people\diyas\batch_001\frame_000972s.jpg,source_numeric,14
D02_20260420073459_000973.jpg,frames_with_people\diyas\batch_001\frame_000973s.jpg,source_numeric,14
D02_20260420073459_000974.jpg,frames_with_people\diyas\batch_001\frame_000974s.jpg,source_numeric,14
D02_20260420073459_000975.jpg,frames_with_people\diyas\batch_001\frame_000975s.jpg,source_numeric,13
D02_20260420073459_000976.jpg,frames_with_people\diyas\batch_001\frame_000976s.jpg,source_numeric,12
D02_20260420073459_000977.jpg,frames_with_people\diyas\batch_001\frame_000977s.jpg,source_numeric,12
D02_20260420073459_000978.jpg,frames_with_people\diyas\batch_001\frame_000978s.jpg,source_numeric,13
D02_20260420073459_000979.jpg,frames_with_people\diyas\batch_001\frame_000979s.jpg,source_numeric,13
D02_20260420073459_000980.jpg,frames_with_people\diyas\batch_001\frame_000980s.jpg,source_numeric,13
D02_20260420073459_000981.jpg,frames_with_people\diyas\batch_001\frame_000981s.jpg,source_numeric,13
D02_20260420073459_000982.jpg,frames_with_people\diyas\batch_001\frame_000982s.jpg,source_numeric,13
D02_20260420073459_000983.jpg,frames_with_people\diyas\batch_001\frame_000983s.jpg,source_numeric,13
D02_20260420073459_000984.jpg,frames_with_people\diyas\batch_001\frame_000984s.jpg,source_numeric,14
D02_20260420073459_000985.jpg,frames_with_people\diyas\batch_001\frame_000985s.jpg,source_numeric,14
D02_20260420073459_000986.jpg,frames_with_people\diyas\batch_001\frame_000986s.jpg,source_numeric,15
D02_20260420073459_000987.jpg,frames_with_people\diyas\batch_001\frame_000987s.jpg,source_numeric,14
D02_20260420073459_000988.jpg,frames_with_people\diyas\batch_001\frame_000988s.jpg,source_numeric,12
D02_20260420073459_000989.jpg,frames_with_people\diyas\batch_001\frame_000989s.jpg,source_numeric,13
D02_20260420073459_000990.jpg,frames_with_people\diyas\batch_001\frame_000990s.jpg,source_numeric,13
D02_20260420073459_000991.jpg,frames_with_people\diyas\batch_001\frame_000991s.jpg,source_numeric,14
D02_20260420073459_000992.jpg,frames_with_people\diyas\batch_001\frame_000992s.jpg,source_numeric,14
D02_20260420073459_000993.jpg,frames_with_people\diyas\batch_001\frame_000993s.jpg,source_numeric,13
D02_20260420073459_000994.jpg,frames_with_people\diyas\batch_001\frame_000994s.jpg,source_numeric,12
D02_20260420073459_000995.jpg,frames_with_people\diyas\batch_001\frame_000995s.jpg,source_numeric,12
D02_20260420073459_000996.jpg,frames_with_people\diyas\batch_001\frame_000996s.jpg,source_numeric,12
D02_20260420073459_000997.jpg,frames_with_people\diyas\batch_001\frame_000997s.jpg,source_numeric,12
D02_20260420073459_000998.jpg,frames_with_people\diyas\batch_001\frame_000998s.jpg,source_numeric,13
D02_20260420073459_000999.jpg,frames_with_people\diyas\batch_001\frame_000999s.jpg,source_numeric,12
D02_20260420073459_001000.jpg,frames_with_people\diyas\batch_001\frame_001000s.jpg,source_numeric,12
D02_20260420073459_001001.jpg,frames_with_people\diyas\batch_002\frame_001001s.jpg,source_numeric,12
D02_20260420073459_001002.jpg,frames_with_people\diyas\batch_002\frame_001002s.jpg,source_numeric,10
D02_20260420073459_001003.jpg,frames_with_people\diyas\batch_002\frame_001003s.jpg,source_numeric,10
D02_20260420073459_001004.jpg,frames_with_people\diyas\batch_002\frame_001004s.jpg,source_numeric,10
D02_20260420073459_001005.jpg,frames_with_people\diyas\batch_002\frame_001005s.jpg,source_numeric,9
D02_20260420073459_001006.jpg,frames_with_people\diyas\batch_002\frame_001006s.jpg,source_numeric,9
D02_20260420073459_001012.jpg,frames_with_people\diyas\batch_002\frame_001012s.jpg,source_numeric,11
D02_20260420073459_001013.jpg,frames_with_people\diyas\batch_002\frame_001013s.jpg,source_numeric,13
D02_20260420073459_001014.jpg,frames_with_people\diyas\batch_002\frame_001014s.jpg,source_numeric,14
D02_20260420073459_001015.jpg,frames_with_people\diyas\batch_002\frame_001015s.jpg,source_numeric,14
D02_20260420073459_001016.jpg,frames_with_people\diyas\batch_002\frame_001016s.jpg,source_numeric,17
D02_20260420073459_001017.jpg,frames_with_people\diyas\batch_002\frame_001017s.jpg,source_numeric,17
D02_20260420073459_001018.jpg,frames_with_people\diyas\batch_002\frame_001018s.jpg,source_numeric,18
D02_20260420073459_001019.jpg,frames_with_people\diyas\batch_002\frame_001019s.jpg,source_numeric,16
D02_20260420073459_001020.jpg,frames_with_people\diyas\batch_002\frame_001020s.jpg,source_numeric,18
D02_20260420073459_001021.jpg,frames_with_people\diyas\batch_002\frame_001021s.jpg,source_numeric,18
D02_20260420073459_001022.jpg,frames_with_people\diyas\batch_002\frame_001022s.jpg,source_numeric,19
D02_20260420073459_001023.jpg,frames_with_people\diyas\batch_002\frame_001023s.jpg,source_numeric,19
D02_20260420073459_001024.jpg,frames_with_people\diyas\batch_002\frame_001024s.jpg,source_numeric,21
D02_20260420073459_001025.jpg,frames_with_people\diyas\batch_002\frame_001025s.jpg,source_numeric,21
D02_20260420073459_001026.jpg,frames_with_people\diyas\batch_002\frame_001026s.jpg,source_numeric,21
D02_20260420073459_001027.jpg,frames_with_people\diyas\batch_002\frame_001027s.jpg,source_numeric,22
D02_20260420073459_001028.jpg,frames_with_people\diyas\batch_002\frame_001028s.jpg,source_numeric,21
D02_20260420073459_001029.jpg,frames_with_people\diyas\batch_002\frame_001029s.jpg,source_numeric,23
D02_20260420073459_001030.jpg,frames_with_people\diyas\batch_002\frame_001030s.jpg,source_numeric,23
D02_20260420073459_001031.jpg,frames_with_people\diyas\batch_002\frame_001031s.jpg,source_numeric,22
D02_20260420073459_001032.jpg,frames_with_people\diyas\batch_002\frame_001032s.jpg,source_numeric,26
D02_20260420073459_001033.jpg,frames_with_people\diyas\batch_002\frame_001033s.jpg,source_numeric,28
D02_20260420073459_001034.jpg,frames_with_people\diyas\batch_002\frame_001034s.jpg,source_numeric,29
D02_20260420073459_001035.jpg,frames_with_people\diyas\batch_002\frame_001035s.jpg,source_numeric,29
D02_20260420073459_001036.jpg,frames_with_people\diyas\batch_002\frame_001036s.jpg,source_numeric,27
D02_20260420073459_001037.jpg,frames_with_people\diyas\batch_002\frame_001037s.jpg,source_numeric,27
D02_20260420073459_001038.jpg,frames_with_people\diyas\batch_002\frame_001038s.jpg,source_numeric,29
D02_20260420073459_001039.jpg,frames_with_people\diyas\batch_002\frame_001039s.jpg,source_numeric,25
D02_20260420073459_001040.jpg,frames_with_people\diyas\batch_002\frame_001040s.jpg,source_numeric,26
D02_20260420073459_001041.jpg,frames_with_people\diyas\batch_002\frame_001041s.jpg,source_numeric,25
D02_20260420073459_001042.jpg,frames_with_people\diyas\batch_002\frame_001042s.jpg,source_numeric,24
D02_20260420073459_001043.jpg,frames_with_people\diyas\batch_002\frame_001043s.jpg,source_numeric,25
D02_20260420073459_001044.jpg,frames_with_people\diyas\batch_002\frame_001044s.jpg,source_numeric,26
D02_20260420073459_001045.jpg,frames_with_people\diyas\batch_002\frame_001045s.jpg,source_numeric,24
D02_20260420073459_001046.jpg,frames_with_people\diyas\batch_002\frame_001046s.jpg,source_numeric,24
D02_20260420073459_001047.jpg,frames_with_people\diyas\batch_002\frame_001047s.jpg,source_numeric,24
D02_20260420073459_001048.jpg,frames_with_people\diyas\batch_002\frame_001048s.jpg,source_numeric,25
D02_20260420073459_001049.jpg,frames_with_people\diyas\batch_002\frame_001049s.jpg,source_numeric,26
D02_20260420073459_001050.jpg,frames_with_people\diyas\batch_002\frame_001050s.jpg,source_numeric,24
D02_20260420073459_001051.jpg,frames_with_people\diyas\batch_002\frame_001051s.jpg,source_numeric,26
D02_20260420073459_001052.jpg,frames_with_people\diyas\batch_002\frame_001052s.jpg,source_numeric,27
D02_20260420073459_001053.jpg,frames_with_people\diyas\batch_002\frame_001053s.jpg,source_numeric,28
D02_20260420073459_001054.jpg,frames_with_people\diyas\batch_002\frame_001054s.jpg,source_numeric,27
D02_20260420073459_001055.jpg,frames_with_people\diyas\batch_002\frame_001055s.jpg,source_numeric,28
D02_20260420073459_001056.jpg,frames_with_people\diyas\batch_002\frame_001056s.jpg,source_numeric,28
D02_20260420073459_001057.jpg,frames_with_people\diyas\batch_002\frame_001057s.jpg,source_numeric,26
D02_20260420073459_001058.jpg,frames_with_people\diyas\batch_002\frame_001058s.jpg,source_numeric,26
D02_20260420073459_001059.jpg,frames_with_people\diyas\batch_002\frame_001059s.jpg,source_numeric,25
D02_20260420073459_001060.jpg,frames_with_people\diyas\batch_002\frame_001060s.jpg,source_numeric,25
D02_20260420073459_001061.jpg,frames_with_people\diyas\batch_002\frame_001061s.jpg,source_numeric,25
D02_20260420073459_001062.jpg,frames_with_people\diyas\batch_002\frame_001062s.jpg,source_numeric,25
D02_20260420073459_001063.jpg,frames_with_people\diyas\batch_002\frame_001063s.jpg,source_numeric,26
D02_20260420073459_001064.jpg,frames_with_people\diyas\batch_002\frame_001064s.jpg,source_numeric,27
D02_20260420073459_001065.jpg,frames_with_people\diyas\batch_002\frame_001065s.jpg,source_numeric,27
D02_20260420073459_001066.jpg,frames_with_people\diyas\batch_002\frame_001066s.jpg,source_numeric,27
D02_20260420073459_001067.jpg,frames_with_people\diyas\batch_002\frame_001067s.jpg,source_numeric,28
D02_20260420073459_001068.jpg,frames_with_people\diyas\batch_002\frame_001068s.jpg,source_numeric,29
D02_20260420073459_001069.jpg,frames_with_people\diyas\batch_002\frame_001069s.jpg,source_numeric,28
D02_20260420073459_001070.jpg,frames_with_people\diyas\batch_002\frame_001070s.jpg,source_numeric,27
D02_20260420073459_001071.jpg,frames_with_people\diyas\batch_002\frame_001071s.jpg,source_numeric,26
D02_20260420073459_001072.jpg,frames_with_people\diyas\batch_002\frame_001072s.jpg,source_numeric,24
D02_20260420073459_001073.jpg,frames_with_people\diyas\batch_002\frame_001073s.jpg,source_numeric,24
D02_20260420073459_001074.jpg,frames_with_people\diyas\batch_002\frame_001074s.jpg,source_numeric,22
D02_20260420073459_001075.jpg,frames_with_people\diyas\batch_002\frame_001075s.jpg,source_numeric,21
D02_20260420073459_001076.jpg,frames_with_people\diyas\batch_002\frame_001076s.jpg,source_numeric,19
D02_20260420073459_001077.jpg,frames_with_people\diyas\batch_002\frame_001077s.jpg,source_numeric,19
D02_20260420073459_001078.jpg,frames_with_people\diyas\batch_002\frame_001078s.jpg,source_numeric,19
D02_20260420073459_001079.jpg,frames_with_people\diyas\batch_002\frame_001079s.jpg,source_numeric,19
D02_20260420073459_001080.jpg,frames_with_people\diyas\batch_002\frame_001080s.jpg,source_numeric,21
D02_20260420073459_001083.jpg,frames_with_people\diyas\batch_002\frame_001083s.jpg,source_numeric,20
D02_20260420073459_001086.jpg,frames_with_people\diyas\batch_002\frame_001086s.jpg,source_numeric,22
D02_20260420073459_001089.jpg,frames_with_people\diyas\batch_002\frame_001089s.jpg,source_numeric,23
D02_20260420073459_001090.jpg,frames_with_people\diyas\batch_002\frame_001090s.jpg,source_numeric,25
D02_20260420073459_001091.jpg,frames_with_people\diyas\batch_002\frame_001091s.jpg,source_numeric,25
D02_20260420073459_001092.jpg,frames_with_people\diyas\batch_002\frame_001092s.jpg,source_numeric,25
D02_20260420073459_001093.jpg,frames_with_people\diyas\batch_002\frame_001093s.jpg,source_numeric,24
D02_20260420073459_001094.jpg,frames_with_people\diyas\batch_002\frame_001094s.jpg,source_numeric,26
D02_20260420073459_001095.jpg,frames_with_people\diyas\batch_002\frame_001095s.jpg,source_numeric,25
D02_20260420073459_001096.jpg,frames_with_people\diyas\batch_002\frame_001096s.jpg,source_numeric,25
D02_20260420073459_001097.jpg,frames_with_people\diyas\batch_002\frame_001097s.jpg,source_numeric,23
D02_20260420073459_001098.jpg,frames_with_people\diyas\batch_002\frame_001098s.jpg,source_numeric,23
D02_20260420073459_001099.jpg,frames_with_people\diyas\batch_002\frame_001099s.jpg,source_numeric,23
D02_20260420073459_001100.jpg,frames_with_people\diyas\batch_002\frame_001100s.jpg,source_numeric,23
D02_20260420073459_001101.jpg,frames_with_people\diyas\batch_002\frame_001101s.jpg,source_numeric,22
D02_20260420073459_001102.jpg,frames_with_people\diyas\batch_002\frame_001102s.jpg,source_numeric,21
D02_20260420073459_001103.jpg,frames_with_people\diyas\batch_002\frame_001103s.jpg,source_numeric,21
D02_20260420073459_001104.jpg,frames_with_people\diyas\batch_002\frame_001104s.jpg,source_numeric,21
D02_20260420073459_001105.jpg,frames_with_people\diyas\batch_002\frame_001105s.jpg,source_numeric,21
D02_20260420073459_001106.jpg,frames_with_people\diyas\batch_002\frame_001106s.jpg,source_numeric,20
D02_20260420073459_001107.jpg,frames_with_people\diyas\batch_002\frame_001107s.jpg,source_numeric,19
D02_20260420073459_001110.jpg,frames_with_people\diyas\batch_002\frame_001110s.jpg,source_numeric,20
D02_20260420073459_001111.jpg,frames_with_people\diyas\batch_002\frame_001111s.jpg,source_numeric,20
D02_20260420073459_001112.jpg,frames_with_people\diyas\batch_002\frame_001112s.jpg,source_numeric,20
D02_20260420073459_001113.jpg,frames_with_people\diyas\batch_002\frame_001113s.jpg,source_numeric,20
D02_20260420073459_001116.jpg,frames_with_people\diyas\batch_002\frame_001116s.jpg,source_numeric,21
D02_20260420073459_001117.jpg,frames_with_people\diyas\batch_002\frame_001117s.jpg,source_numeric,22
D02_20260420073459_001118.jpg,frames_with_people\diyas\batch_002\frame_001118s.jpg,source_numeric,23
D02_20260420073459_001119.jpg,frames_with_people\diyas\batch_002\frame_001119s.jpg,source_numeric,23
D02_20260420073459_001120.jpg,frames_with_people\diyas\batch_002\frame_001120s.jpg,source_numeric,23
D02_20260420073459_001121.jpg,frames_with_people\diyas\batch_002\frame_001121s.jpg,source_numeric,23
D02_20260420073459_001122.jpg,frames_with_people\diyas\batch_002\frame_001122s.jpg,source_numeric,9
D02_20260420073459_001123.jpg,frames_with_people\diyas\batch_002\frame_001123s.jpg,source_numeric,20
D02_20260420073459_001124.jpg,frames_with_people\diyas\batch_002\frame_001124s.jpg,source_numeric,21
D02_20260420073459_001125.jpg,frames_with_people\diyas\batch_002\frame_001125s.jpg,source_numeric,21
D02_20260420073459_001126.jpg,frames_with_people\diyas\batch_002\frame_001126s.jpg,source_numeric,21
D02_20260420073459_001127.jpg,frames_with_people\diyas\batch_002\frame_001127s.jpg,source_numeric,22
D02_20260420073459_001128.jpg,frames_with_people\diyas\batch_002\frame_001128s.jpg,source_numeric,22
D02_20260420073459_001129.jpg,frames_with_people\diyas\batch_002\frame_001129s.jpg,source_numeric,22
D02_20260420073459_001130.jpg,frames_with_people\diyas\batch_002\frame_001130s.jpg,source_numeric,22
D02_20260420073459_001139.jpg,frames_with_people\diyas\batch_002\frame_001139s.jpg,source_numeric,17
D02_20260420073459_001147.jpg,frames_with_people\diyas\batch_002\frame_001147s.jpg,source_numeric,19
D02_20260420073459_001150.jpg,frames_with_people\diyas\batch_002\frame_001150s.jpg,source_numeric,22
D02_20260420073459_001151.jpg,frames_with_people\diyas\batch_002\frame_001151s.jpg,source_numeric,21
D02_20260420073459_001152.jpg,frames_with_people\diyas\batch_002\frame_001152s.jpg,source_numeric,20
D02_20260420073459_001153.jpg,frames_with_people\diyas\batch_002\frame_001153s.jpg,source_numeric,7
D02_20260420073459_001154.jpg,frames_with_people\diyas\batch_002\frame_001154s.jpg,source_numeric,21
D02_20260420073459_001155.jpg,frames_with_people\diyas\batch_002\frame_001155s.jpg,source_numeric,20
D02_20260420073459_001156.jpg,frames_with_people\diyas\batch_002\frame_001156s.jpg,source_numeric,21
D02_20260420073459_001157.jpg,frames_with_people\diyas\batch_002\frame_001157s.jpg,source_numeric,20
D02_20260420073459_001158.jpg,frames_with_people\diyas\batch_002\frame_001158s.jpg,source_numeric,22
D02_20260420073459_001159.jpg,frames_with_people\diyas\batch_002\frame_001159s.jpg,source_numeric,20
D02_20260420073459_001160.jpg,frames_with_people\diyas\batch_002\frame_001160s.jpg,source_numeric,23
D02_20260420073459_001161.jpg,frames_with_people\diyas\batch_002\frame_001161s.jpg,source_numeric,24
D02_20260420073459_001162.jpg,frames_with_people\diyas\batch_002\frame_001162s.jpg,source_numeric,25
D02_20260420073459_001163.jpg,frames_with_people\diyas\batch_002\frame_001163s.jpg,source_numeric,25
D02_20260420073459_001164.jpg,frames_with_people\diyas\batch_002\frame_001164s.jpg,source_numeric,26
D02_20260420073459_001165.jpg,frames_with_people\diyas\batch_002\frame_001165s.jpg,source_numeric,26
D02_20260420073459_001166.jpg,frames_with_people\diyas\batch_002\frame_001166s.jpg,source_numeric,28
D02_20260420073459_001167.jpg,frames_with_people\diyas\batch_002\frame_001167s.jpg,source_numeric,28
D02_20260420073459_001168.jpg,frames_with_people\diyas\batch_002\frame_001168s.jpg,source_numeric,27
D02_20260420073459_001169.jpg,frames_with_people\diyas\batch_002\frame_001169s.jpg,source_numeric,25
D02_20260420073459_001170.jpg,frames_with_people\diyas\batch_002\frame_001170s.jpg,source_numeric,26
D02_20260420073459_001171.jpg,frames_with_people\diyas\batch_002\frame_001171s.jpg,source_numeric,26
D02_20260420073459_001172.jpg,frames_with_people\diyas\batch_002\frame_001172s.jpg,source_numeric,23
D02_20260420073459_001173.jpg,frames_with_people\diyas\batch_002\frame_001173s.jpg,source_numeric,21
D02_20260420073459_001174.jpg,frames_with_people\diyas\batch_002\frame_001174s.jpg,source_numeric,21
D02_20260420073459_001175.jpg,frames_with_people\diyas\batch_002\frame_001175s.jpg,source_numeric,21
D02_20260420073459_001176.jpg,frames_with_people\diyas\batch_002\frame_001176s.jpg,source_numeric,20
D02_20260420073459_001177.jpg,frames_with_people\diyas\batch_002\frame_001177s.jpg,source_numeric,19
D02_20260420073459_001178.jpg,frames_with_people\diyas\batch_002\frame_001178s.jpg,source_numeric,18
D02_20260420073459_001179.jpg,frames_with_people\diyas\batch_002\frame_001179s.jpg,source_numeric,17
D02_20260420073459_001180.jpg,frames_with_people\diyas\batch_002\frame_001180s.jpg,source_numeric,17
D02_20260420073459_001181.jpg,frames_with_people\diyas\batch_002\frame_001181s.jpg,source_numeric,18
D02_20260420073459_001182.jpg,frames_with_people\diyas\batch_002\frame_001182s.jpg,source_numeric,19
D02_20260420073459_001183.jpg,frames_with_people\diyas\batch_002\frame_001183s.jpg,source_numeric,19
D02_20260420073459_001184.jpg,frames_with_people\diyas\batch_002\frame_001184s.jpg,source_numeric,17
D02_20260420073459_001185.jpg,frames_with_people\diyas\batch_002\frame_001185s.jpg,source_numeric,17
D02_20260420073459_001186.jpg,frames_with_people\diyas\batch_002\frame_001186s.jpg,source_numeric,18
D02_20260420073459_001187.jpg,frames_with_people\diyas\batch_002\frame_001187s.jpg,source_numeric,17
D02_20260420073459_001188.jpg,frames_with_people\diyas\batch_002\frame_001188s.jpg,source_numeric,17
D02_20260420073459_001189.jpg,frames_with_people\diyas\batch_002\frame_001189s.jpg,source_numeric,16
D02_20260420073459_001190.jpg,frames_with_people\diyas\batch_002\frame_001190s.jpg,source_numeric,15
D02_20260420073459_001191.jpg,frames_with_people\diyas\batch_002\frame_001191s.jpg,source_numeric,15
D02_20260420073459_001192.jpg,frames_with_people\diyas\batch_002\frame_001192s.jpg,source_numeric,14
D02_20260420073459_001198.jpg,frames_with_people\diyas\batch_002\frame_001198s.jpg,source_numeric,16
D02_20260420073459_001199.jpg,frames_with_people\diyas\batch_002\frame_001199s.jpg,source_numeric,17
D02_20260420073459_001201.jpg,frames_with_people\diyas\batch_002\frame_001201s.jpg,source_numeric,18
D02_20260420073459_001202.jpg,frames_with_people\diyas\batch_002\frame_001202s.jpg,source_numeric,16
D02_20260420073459_001203.jpg,frames_with_people\diyas\batch_002\frame_001203s.jpg,source_numeric,18
D02_20260420073459_001204.jpg,frames_with_people\diyas\batch_002\frame_001204s.jpg,source_numeric,19
D02_20260420073459_001210.jpg,frames_with_people\diyas\batch_002\frame_001210s.jpg,source_numeric,22
D02_20260420073459_001211.jpg,frames_with_people\diyas\batch_002\frame_001211s.jpg,source_numeric,23
D02_20260420073459_001212.jpg,frames_with_people\diyas\batch_002\frame_001212s.jpg,source_numeric,24
D02_20260420073459_001213.jpg,frames_with_people\diyas\batch_002\frame_001213s.jpg,source_numeric,23
D02_20260420073459_001215.jpg,frames_with_people\diyas\batch_002\frame_001215s.jpg,source_numeric,23
D02_20260420073459_001216.jpg,frames_with_people\diyas\batch_002\frame_001216s.jpg,source_numeric,23
D02_20260420073459_001218.jpg,frames_with_people\diyas\batch_002\frame_001218s.jpg,source_numeric,23
D02_20260420073459_001219.jpg,frames_with_people\diyas\batch_002\frame_001219s.jpg,source_numeric,23
D02_20260420073459_001220.jpg,frames_with_people\diyas\batch_002\frame_001220s.jpg,source_numeric,22
D02_20260420073459_001221.jpg,frames_with_people\diyas\batch_002\frame_001221s.jpg,source_numeric,24
D02_20260420073459_001222.jpg,frames_with_people\diyas\batch_002\frame_001222s.jpg,source_numeric,22
D02_20260420073459_001223.jpg,frames_with_people\diyas\batch_002\frame_001223s.jpg,source_numeric,22
D02_20260420073459_001224.jpg,frames_with_people\diyas\batch_002\frame_001224s.jpg,source_numeric,21
D02_20260420073459_001225.jpg,frames_with_people\diyas\batch_002\frame_001225s.jpg,source_numeric,23
D02_20260420073459_001226.jpg,frames_with_people\diyas\batch_002\frame_001226s.jpg,source_numeric,22
D02_20260420073459_001227.jpg,frames_with_people\diyas\batch_002\frame_001227s.jpg,source_numeric,22
D02_20260420073459_001228.jpg,frames_with_people\diyas\batch_002\frame_001228s.jpg,source_numeric,24
D02_20260420073459_001229.jpg,frames_with_people\diyas\batch_002\frame_001229s.jpg,source_numeric,26
D02_20260420073459_001231.jpg,frames_with_people\diyas\batch_002\frame_001231s.jpg,source_numeric,25
D02_20260420073459_001232.jpg,frames_with_people\diyas\batch_002\frame_001232s.jpg,source_numeric,25
D02_20260420073459_001235.jpg,frames_with_people\diyas\batch_002\frame_001235s.jpg,source_numeric,26
D02_20260420073459_001236.jpg,frames_with_people\diyas\batch_002\frame_001236s.jpg,source_numeric,27
D02_20260420073459_001244.jpg,frames_with_people\diyas\batch_002\frame_001244s.jpg,source_numeric,21
D02_20260420073459_001250.jpg,frames_with_people\diyas\batch_002\frame_001250s.jpg,source_numeric,21
D02_20260420073459_001251.jpg,frames_with_people\diyas\batch_002\frame_001251s.jpg,source_numeric,22
D02_20260420073459_001252.jpg,frames_with_people\diyas\batch_002\frame_001252s.jpg,source_numeric,20
D02_20260420073459_001253.jpg,frames_with_people\diyas\batch_002\frame_001253s.jpg,source_numeric,20
D02_20260420073459_001256.jpg,frames_with_people\diyas\batch_002\frame_001256s.jpg,source_numeric,24
D02_20260420073459_001257.jpg,frames_with_people\diyas\batch_002\frame_001257s.jpg,source_numeric,24
D02_20260420073459_001258.jpg,frames_with_people\diyas\batch_002\frame_001258s.jpg,source_numeric,26
D02_20260420073459_001259.jpg,frames_with_people\diyas\batch_002\frame_001259s.jpg,source_numeric,27
D02_20260420073459_001260.jpg,frames_with_people\diyas\batch_002\frame_001260s.jpg,source_numeric,29
D02_20260420073459_001261.jpg,frames_with_people\diyas\batch_002\frame_001261s.jpg,source_numeric,27
D02_20260420073459_001262.jpg,frames_with_people\diyas\batch_002\frame_001262s.jpg,source_numeric,28
D02_20260420073459_001263.jpg,frames_with_people\diyas\batch_002\frame_001263s.jpg,source_numeric,29
D02_20260420073459_001264.jpg,frames_with_people\diyas\batch_002\frame_001264s.jpg,source_numeric,27
D02_20260420073459_001265.jpg,frames_with_people\diyas\batch_002\frame_001265s.jpg,source_numeric,27
D02_20260420073459_001266.jpg,frames_with_people\diyas\batch_002\frame_001266s.jpg,source_numeric,26
D02_20260420073459_001267.jpg,frames_with_people\diyas\batch_002\frame_001267s.jpg,source_numeric,27
D02_20260420073459_001268.jpg,frames_with_people\diyas\batch_002\frame_001268s.jpg,source_numeric,25
D02_20260420073459_001269.jpg,frames_with_people\diyas\batch_002\frame_001269s.jpg,source_numeric,27
D02_20260420073459_001270.jpg,frames_with_people\diyas\batch_002\frame_001270s.jpg,source_numeric,32
D02_20260420073459_001271.jpg,frames_with_people\diyas\batch_002\frame_001271s.jpg,source_numeric,29
D02_20260420073459_001272.jpg,frames_with_people\diyas\batch_002\frame_001272s.jpg,source_numeric,30
D02_20260420073459_001273.jpg,frames_with_people\diyas\batch_002\frame_001273s.jpg,source_numeric,28
D02_20260420073459_001274.jpg,frames_with_people\diyas\batch_002\frame_001274s.jpg,source_numeric,30
D02_20260420073459_001275.jpg,frames_with_people\diyas\batch_002\frame_001275s.jpg,source_numeric,32
D02_20260420073459_001276.jpg,frames_with_people\diyas\batch_002\frame_001276s.jpg,source_numeric,29
D02_20260420073459_001277.jpg,frames_with_people\diyas\batch_002\frame_001277s.jpg,source_numeric,32
D02_20260420073459_001278.jpg,frames_with_people\diyas\batch_002\frame_001278s.jpg,source_numeric,33
D02_20260420073459_001279.jpg,frames_with_people\diyas\batch_002\frame_001279s.jpg,source_numeric,33
D02_20260420073459_001280.jpg,frames_with_people\diyas\batch_002\frame_001280s.jpg,source_numeric,33
D02_20260420073459_001281.jpg,frames_with_people\diyas\batch_002\frame_001281s.jpg,source_numeric,33
D02_20260420073459_001282.jpg,frames_with_people\diyas\batch_002\frame_001282s.jpg,source_numeric,32
D02_20260420073459_001283.jpg,frames_with_people\diyas\batch_002\frame_001283s.jpg,source_numeric,32
D02_20260420073459_001284.jpg,frames_with_people\diyas\batch_002\frame_001284s.jpg,source_numeric,32
D02_20260420073459_001285.jpg,frames_with_people\diyas\batch_002\frame_001285s.jpg,source_numeric,32
D02_20260420073459_001286.jpg,frames_with_people\diyas\batch_002\frame_001286s.jpg,source_numeric,34
D02_20260420073459_001287.jpg,frames_with_people\diyas\batch_002\frame_001287s.jpg,source_numeric,31
D02_20260420073459_001288.jpg,frames_with_people\diyas\batch_002\frame_001288s.jpg,source_numeric,29
D02_20260420073459_001289.jpg,frames_with_people\diyas\batch_002\frame_001289s.jpg,source_numeric,29
D02_20260420073459_001290.jpg,frames_with_people\diyas\batch_002\frame_001290s.jpg,source_numeric,28
D02_20260420073459_001291.jpg,frames_with_people\diyas\batch_002\frame_001291s.jpg,source_numeric,30
D02_20260420073459_001292.jpg,frames_with_people\diyas\batch_002\frame_001292s.jpg,source_numeric,29
D02_20260420073459_001293.jpg,frames_with_people\diyas\batch_002\frame_001293s.jpg,source_numeric,29
D02_20260420073459_001294.jpg,frames_with_people\diyas\batch_002\frame_001294s.jpg,source_numeric,28
D02_20260420073459_001295.jpg,frames_with_people\diyas\batch_002\frame_001295s.jpg,source_numeric,24
D02_20260420073459_001296.jpg,frames_with_people\diyas\batch_002\frame_001296s.jpg,source_numeric,24
D02_20260420073459_001297.jpg,frames_with_people\diyas\batch_002\frame_001297s.jpg,source_numeric,25
D02_20260420073459_001303.jpg,frames_with_people\diyas\batch_002\frame_001303s.jpg,source_numeric,21
D02_20260420073459_001304.jpg,frames_with_people\diyas\batch_002\frame_001304s.jpg,source_numeric,20
D02_20260420073459_001305.jpg,frames_with_people\diyas\batch_002\frame_001305s.jpg,source_numeric,21
D02_20260420073459_001322.jpg,frames_with_people\diyas\batch_002\frame_001322s.jpg,source_numeric,21
D02_20260420073459_001323.jpg,frames_with_people\diyas\batch_002\frame_001323s.jpg,source_numeric,22
D02_20260420073459_001325.jpg,frames_with_people\diyas\batch_002\frame_001325s.jpg,source_numeric,26
D02_20260420073459_001326.jpg,frames_with_people\diyas\batch_002\frame_001326s.jpg,source_numeric,25
D02_20260420073459_001327.jpg,frames_with_people\diyas\batch_002\frame_001327s.jpg,source_numeric,0
D02_20260420073459_001328.jpg,frames_with_people\diyas\batch_002\frame_001328s.jpg,source_numeric,26
D02_20260420073459_001329.jpg,frames_with_people\diyas\batch_002\frame_001329s.jpg,source_numeric,24
D02_20260420073459_001330.jpg,frames_with_people\diyas\batch_002\frame_001330s.jpg,source_numeric,23
D02_20260420073459_001331.jpg,frames_with_people\diyas\batch_002\frame_001331s.jpg,source_numeric,24
D02_20260420073459_001332.jpg,frames_with_people\diyas\batch_002\frame_001332s.jpg,source_numeric,26
D02_20260420073459_001335.jpg,frames_with_people\diyas\batch_002\frame_001335s.jpg,source_numeric,26
D02_20260420073459_001336.jpg,frames_with_people\diyas\batch_002\frame_001336s.jpg,source_numeric,26
D02_20260420073459_001347.jpg,frames_with_people\diyas\batch_002\frame_001347s.jpg,source_numeric,21
D02_20260420073459_001348.jpg,frames_with_people\diyas\batch_002\frame_001348s.jpg,source_numeric,24
D02_20260420073459_001349.jpg,frames_with_people\diyas\batch_002\frame_001349s.jpg,source_numeric,25
D02_20260420073459_001356.jpg,frames_with_people\diyas\batch_002\frame_001356s.jpg,source_numeric,22
D02_20260420073459_001359.jpg,frames_with_people\diyas\batch_002\frame_001359s.jpg,source_numeric,26
D02_20260420073459_001360.jpg,frames_with_people\diyas\batch_002\frame_001360s.jpg,source_numeric,28
D02_20260420073459_001363.jpg,frames_with_people\diyas\batch_002\frame_001363s.jpg,source_numeric,32
D02_20260420073459_001364.jpg,frames_with_people\diyas\batch_002\frame_001364s.jpg,source_numeric,31
D02_20260420073459_001365.jpg,frames_with_people\diyas\batch_002\frame_001365s.jpg,source_numeric,0
D02_20260420073459_001366.jpg,frames_with_people\diyas\batch_002\frame_001366s.jpg,source_numeric,35
D02_20260420073459_001367.jpg,frames_with_people\diyas\batch_002\frame_001367s.jpg,source_numeric,34
D02_20260420073459_001369.jpg,frames_with_people\diyas\batch_002\frame_001369s.jpg,source_numeric,39
D02_20260420073459_001370.jpg,frames_with_people\diyas\batch_002\frame_001370s.jpg,source_numeric,39
D02_20260420073459_001371.jpg,frames_with_people\diyas\batch_002\frame_001371s.jpg,source_numeric,37
D02_20260420073459_001372.jpg,frames_with_people\diyas\batch_002\frame_001372s.jpg,source_numeric,40
D02_20260420073459_001373.jpg,frames_with_people\diyas\batch_002\frame_001373s.jpg,source_numeric,37
D02_20260420073459_001374.jpg,frames_with_people\diyas\batch_002\frame_001374s.jpg,source_numeric,34
D02_20260420073459_001375.jpg,frames_with_people\diyas\batch_002\frame_001375s.jpg,source_numeric,36
D02_20260420073459_001376.jpg,frames_with_people\diyas\batch_002\frame_001376s.jpg,source_numeric,37
D02_20260420073459_001377.jpg,frames_with_people\diyas\batch_002\frame_001377s.jpg,source_numeric,35
D02_20260420073459_001378.jpg,frames_with_people\diyas\batch_002\frame_001378s.jpg,source_numeric,33
D02_20260420073459_001379.jpg,frames_with_people\diyas\batch_002\frame_001379s.jpg,source_numeric,34
D02_20260420073459_001380.jpg,frames_with_people\diyas\batch_002\frame_001380s.jpg,source_numeric,35
D02_20260420073459_001381.jpg,frames_with_people\diyas\batch_002\frame_001381s.jpg,source_numeric,29
D02_20260420073459_001382.jpg,frames_with_people\diyas\batch_002\frame_001382s.jpg,source_numeric,38
D02_20260420073459_001383.jpg,frames_with_people\diyas\batch_002\frame_001383s.jpg,source_numeric,36
D02_20260420073459_001384.jpg,frames_with_people\diyas\batch_002\frame_001384s.jpg,source_numeric,35
D02_20260420073459_001385.jpg,frames_with_people\diyas\batch_002\frame_001385s.jpg,source_numeric,37
D02_20260420073459_001386.jpg,frames_with_people\diyas\batch_002\frame_001386s.jpg,source_numeric,38
D02_20260420073459_001387.jpg,frames_with_people\diyas\batch_002\frame_001387s.jpg,source_numeric,36
D02_20260420073459_001388.jpg,frames_with_people\diyas\batch_002\frame_001388s.jpg,source_numeric,36
D02_20260420073459_001389.jpg,frames_with_people\diyas\batch_002\frame_001389s.jpg,source_numeric,33
D02_20260420073459_001390.jpg,frames_with_people\diyas\batch_002\frame_001390s.jpg,source_numeric,36
D02_20260420073459_001391.jpg,frames_with_people\diyas\batch_002\frame_001391s.jpg,source_numeric,37
D02_20260420073459_001392.jpg,frames_with_people\diyas\batch_002\frame_001392s.jpg,source_numeric,37
D02_20260420073459_001393.jpg,frames_with_people\diyas\batch_002\frame_001393s.jpg,source_numeric,35
D02_20260420073459_001394.jpg,frames_with_people\diyas\batch_002\frame_001394s.jpg,source_numeric,38
D02_20260420073459_001395.jpg,frames_with_people\diyas\batch_002\frame_001395s.jpg,source_numeric,34
D02_20260420073459_001396.jpg,frames_with_people\diyas\batch_002\frame_001396s.jpg,source_numeric,37
D02_20260420073459_001397.jpg,frames_with_people\diyas\batch_002\frame_001397s.jpg,source_numeric,35
D02_20260420073459_001398.jpg,frames_with_people\diyas\batch_002\frame_001398s.jpg,source_numeric,31
D02_20260420073459_001399.jpg,frames_with_people\diyas\batch_002\frame_001399s.jpg,source_numeric,35
D02_20260420073459_001400.jpg,frames_with_people\diyas\batch_002\frame_001400s.jpg,source_numeric,36
D02_20260420073459_001401.jpg,frames_with_people\diyas\batch_002\frame_001401s.jpg,source_numeric,33
D02_20260420073459_001402.jpg,frames_with_people\diyas\batch_002\frame_001402s.jpg,source_numeric,30
D02_20260420073459_001403.jpg,frames_with_people\diyas\batch_002\frame_001403s.jpg,source_numeric,29
D02_20260420073459_001404.jpg,frames_with_people\diyas\batch_002\frame_001404s.jpg,source_numeric,29
D02_20260420073459_001405.jpg,frames_with_people\diyas\batch_002\frame_001405s.jpg,source_numeric,28
D02_20260420073459_001406.jpg,frames_with_people\diyas\batch_002\frame_001406s.jpg,source_numeric,27
D02_20260420073459_001408.jpg,frames_with_people\diyas\batch_002\frame_001408s.jpg,source_numeric,29
D02_20260420073459_001409.jpg,frames_with_people\diyas\batch_002\frame_001409s.jpg,source_numeric,26
D02_20260420073459_001412.jpg,frames_with_people\diyas\batch_002\frame_001412s.jpg,source_numeric,26
D02_20260420073459_001415.jpg,frames_with_people\diyas\batch_002\frame_001415s.jpg,source_numeric,19
D02_20260420073459_001416.jpg,frames_with_people\diyas\batch_002\frame_001416s.jpg,source_numeric,20
D02_20260420073459_001417.jpg,frames_with_people\diyas\batch_002\frame_001417s.jpg,source_numeric,23
D02_20260420073459_001418.jpg,frames_with_people\diyas\batch_002\frame_001418s.jpg,source_numeric,23
D02_20260420073459_001420.jpg,frames_with_people\diyas\batch_002\frame_001420s.jpg,source_numeric,23
D02_20260420073459_001421.jpg,frames_with_people\diyas\batch_002\frame_001421s.jpg,source_numeric,25
D02_20260420073459_001422.jpg,frames_with_people\diyas\batch_002\frame_001422s.jpg,source_numeric,25
D02_20260420073459_001423.jpg,frames_with_people\diyas\batch_002\frame_001423s.jpg,source_numeric,25
D02_20260420073459_001424.jpg,frames_with_people\diyas\batch_002\frame_001424s.jpg,source_numeric,24
D02_20260420073459_001425.jpg,frames_with_people\diyas\batch_002\frame_001425s.jpg,source_numeric,24
D02_20260420073459_001426.jpg,frames_with_people\diyas\batch_002\frame_001426s.jpg,source_numeric,23
D02_20260420073459_001427.jpg,frames_with_people\diyas\batch_002\frame_001427s.jpg,source_numeric,23
D02_20260420073459_001428.jpg,frames_with_people\diyas\batch_002\frame_001428s.jpg,source_numeric,25
D02_20260420073459_001429.jpg,frames_with_people\diyas\batch_002\frame_001429s.jpg,source_numeric,30
D02_20260420073459_001430.jpg,frames_with_people\diyas\batch_002\frame_001430s.jpg,source_numeric,30
D02_20260420073459_001431.jpg,frames_with_people\diyas\batch_002\frame_001431s.jpg,source_numeric,30
D02_20260420073459_001432.jpg,frames_with_people\diyas\batch_002\frame_001432s.jpg,source_numeric,31
D02_20260420073459_001433.jpg,frames_with_people\diyas\batch_002\frame_001433s.jpg,source_numeric,33
D02_20260420073459_001434.jpg,frames_with_people\diyas\batch_002\frame_001434s.jpg,source_numeric,32
D02_20260420073459_001435.jpg,frames_with_people\diyas\batch_002\frame_001435s.jpg,source_numeric,36
D02_20260420073459_001436.jpg,frames_with_people\diyas\batch_002\frame_001436s.jpg,source_numeric,37
D02_20260420073459_001437.jpg,frames_with_people\diyas\batch_002\frame_001437s.jpg,source_numeric,37
D02_20260420073459_001438.jpg,frames_with_people\diyas\batch_002\frame_001438s.jpg,source_numeric,34
D02_20260420073459_001439.jpg,frames_with_people\diyas\batch_002\frame_001439s.jpg,source_numeric,34
D02_20260420073459_001440.jpg,frames_with_people\diyas\batch_002\frame_001440s.jpg,source_numeric,32
D02_20260420073459_001441.jpg,frames_with_people\diyas\batch_002\frame_001441s.jpg,source_numeric,30
D02_20260420073459_001442.jpg,frames_with_people\diyas\batch_002\frame_001442s.jpg,source_numeric,30
D02_20260420073459_001443.jpg,frames_with_people\diyas\batch_002\frame_001443s.jpg,source_numeric,30
D02_20260420073459_001444.jpg,frames_with_people\diyas\batch_002\frame_001444s.jpg,source_numeric,33
D02_20260420073459_001445.jpg,frames_with_people\diyas\batch_002\frame_001445s.jpg,source_numeric,32
D02_20260420073459_001446.jpg,frames_with_people\diyas\batch_002\frame_001446s.jpg,source_numeric,32
D02_20260420073459_001447.jpg,frames_with_people\diyas\batch_002\frame_001447s.jpg,source_numeric,31
D02_20260420073459_001448.jpg,frames_with_people\diyas\batch_002\frame_001448s.jpg,source_numeric,34
D02_20260420073459_001449.jpg,frames_with_people\diyas\batch_002\frame_001449s.jpg,source_numeric,29
D02_20260420073459_001450.jpg,frames_with_people\diyas\batch_002\frame_001450s.jpg,source_numeric,32
D02_20260420073459_001451.jpg,frames_with_people\diyas\batch_002\frame_001451s.jpg,source_numeric,30
D02_20260420073459_001452.jpg,frames_with_people\diyas\batch_002\frame_001452s.jpg,source_numeric,29
D02_20260420073459_001453.jpg,frames_with_people\diyas\batch_002\frame_001453s.jpg,source_numeric,27
D02_20260420073459_001454.jpg,frames_with_people\diyas\batch_002\frame_001454s.jpg,source_numeric,26
D02_20260420073459_001455.jpg,frames_with_people\diyas\batch_002\frame_001455s.jpg,source_numeric,26
D02_20260420073459_001456.jpg,frames_with_people\diyas\batch_002\frame_001456s.jpg,source_numeric,24
D02_20260420073459_001457.jpg,frames_with_people\diyas\batch_002\frame_001457s.jpg,source_numeric,25
D02_20260420073459_001458.jpg,frames_with_people\diyas\batch_002\frame_001458s.jpg,source_numeric,21
D02_20260420073459_001459.jpg,frames_with_people\diyas\batch_002\frame_001459s.jpg,source_numeric,21
D02_20260420073459_001460.jpg,frames_with_people\diyas\batch_002\frame_001460s.jpg,source_numeric,22
D02_20260420073459_001461.jpg,frames_with_people\diyas\batch_002\frame_001461s.jpg,source_numeric,25
D02_20260420073459_001462.jpg,frames_with_people\diyas\batch_002\frame_001462s.jpg,source_numeric,25
D02_20260420073459_001463.jpg,frames_with_people\diyas\batch_002\frame_001463s.jpg,source_numeric,24
D02_20260420073459_001464.jpg,frames_with_people\diyas\batch_002\frame_001464s.jpg,source_numeric,24
D02_20260420073459_001465.jpg,frames_with_people\diyas\batch_002\frame_001465s.jpg,source_numeric,21
D02_20260420073459_001467.jpg,frames_with_people\diyas\batch_002\frame_001467s.jpg,source_numeric,25
D02_20260420073459_001468.jpg,frames_with_people\diyas\batch_002\frame_001468s.jpg,source_numeric,28
D02_20260420073459_001469.jpg,frames_with_people\diyas\batch_002\frame_001469s.jpg,source_numeric,30
D02_20260420073459_001470.jpg,frames_with_people\diyas\batch_002\frame_001470s.jpg,source_numeric,25
D02_20260420073459_001471.jpg,frames_with_people\diyas\batch_002\frame_001471s.jpg,source_numeric,29
D02_20260420073459_001472.jpg,frames_with_people\diyas\batch_002\frame_001472s.jpg,source_numeric,28
D02_20260420073459_001475.jpg,frames_with_people\diyas\batch_002\frame_001475s.jpg,source_numeric,24
D02_20260420073459_001476.jpg,frames_with_people\diyas\batch_002\frame_001476s.jpg,source_numeric,26
D02_20260420073459_001477.jpg,frames_with_people\diyas\batch_002\frame_001477s.jpg,source_numeric,25
D02_20260420073459_001478.jpg,frames_with_people\diyas\batch_002\frame_001478s.jpg,source_numeric,25
D02_20260420073459_001479.jpg,frames_with_people\diyas\batch_002\frame_001479s.jpg,source_numeric,23
D02_20260420073459_001482.jpg,frames_with_people\diyas\batch_002\frame_001482s.jpg,source_numeric,20
D02_20260420073459_001483.jpg,frames_with_people\diyas\batch_002\frame_001483s.jpg,source_numeric,18
D02_20260420073459_001491.jpg,frames_with_people\diyas\batch_002\frame_001491s.jpg,source_numeric,17
D02_20260420073459_001492.jpg,frames_with_people\diyas\batch_002\frame_001492s.jpg,source_numeric,18
D02_20260420073459_001493.jpg,frames_with_people\diyas\batch_002\frame_001493s.jpg,source_numeric,19
D02_20260420073459_001496.jpg,frames_with_people\diyas\batch_002\frame_001496s.jpg,source_numeric,17
D02_20260420073459_001497.jpg,frames_with_people\diyas\batch_002\frame_001497s.jpg,source_numeric,19
D02_20260420073459_001501.jpg,frames_with_people\diyas\batch_002\frame_001501s.jpg,source_numeric,15
D02_20260420073459_001503.jpg,frames_with_people\diyas\batch_002\frame_001503s.jpg,source_numeric,18
D02_20260420073459_001506.jpg,frames_with_people\diyas\batch_002\frame_001506s.jpg,source_numeric,17
D02_20260420073459_001507.jpg,frames_with_people\diyas\batch_002\frame_001507s.jpg,source_numeric,16
D02_20260420073459_001509.jpg,frames_with_people\diyas\batch_002\frame_001509s.jpg,source_numeric,15
D02_20260420073459_001514.jpg,frames_with_people\diyas\batch_002\frame_001514s.jpg,source_numeric,13
D02_20260420073459_001515.jpg,frames_with_people\diyas\batch_002\frame_001515s.jpg,source_numeric,15
D02_20260420073459_001516.jpg,frames_with_people\diyas\batch_002\frame_001516s.jpg,source_numeric,15
D02_20260420073459_001517.jpg,frames_with_people\diyas\batch_002\frame_001517s.jpg,source_numeric,13
D02_20260420073459_001518.jpg,frames_with_people\diyas\batch_002\frame_001518s.jpg,source_numeric,14
D02_20260420073459_001519.jpg,frames_with_people\diyas\batch_002\frame_001519s.jpg,source_numeric,17
D02_20260420073459_001520.jpg,frames_with_people\diyas\batch_002\frame_001520s.jpg,source_numeric,18
D02_20260420073459_001521.jpg,frames_with_people\diyas\batch_002\frame_001521s.jpg,source_numeric,18
D02_20260420073459_001522.jpg,frames_with_people\diyas\batch_002\frame_001522s.jpg,source_numeric,17
D02_20260420073459_001523.jpg,frames_with_people\diyas\batch_002\frame_001523s.jpg,source_numeric,20
D02_20260420073459_001524.jpg,frames_with_people\diyas\batch_002\frame_001524s.jpg,source_numeric,18
D02_20260420073459_001525.jpg,frames_with_people\diyas\batch_002\frame_001525s.jpg,source_numeric,16
D02_20260420073459_001526.jpg,frames_with_people\diyas\batch_002\frame_001526s.jpg,source_numeric,19
D02_20260420073459_001527.jpg,frames_with_people\diyas\batch_002\frame_001527s.jpg,source_numeric,18
D02_20260420073459_001528.jpg,frames_with_people\diyas\batch_002\frame_001528s.jpg,source_numeric,21
D02_20260420073459_001529.jpg,frames_with_people\diyas\batch_002\frame_001529s.jpg,source_numeric,19
D02_20260420073459_001530.jpg,frames_with_people\diyas\batch_002\frame_001530s.jpg,source_numeric,21
D02_20260420073459_001531.jpg,frames_with_people\diyas\batch_002\frame_001531s.jpg,source_numeric,18
D02_20260420073459_001532.jpg,frames_with_people\diyas\batch_002\frame_001532s.jpg,source_numeric,16
D02_20260420073459_001533.jpg,frames_with_people\diyas\batch_002\frame_001533s.jpg,source_numeric,14
D02_20260420073459_001534.jpg,frames_with_people\diyas\batch_002\frame_001534s.jpg,source_numeric,14
D02_20260420073459_001535.jpg,frames_with_people\diyas\batch_002\frame_001535s.jpg,source_numeric,13
D02_20260420073459_001536.jpg,frames_with_people\diyas\batch_002\frame_001536s.jpg,source_numeric,11
D02_20260420073459_001537.jpg,frames_with_people\diyas\batch_002\frame_001537s.jpg,source_numeric,11
D02_20260420073459_001541.jpg,frames_with_people\diyas\batch_002\frame_001541s.jpg,source_numeric,7
D02_20260420073459_001542.jpg,frames_with_people\diyas\batch_002\frame_001542s.jpg,source_numeric,6
D02_20260420073459_001547.jpg,frames_with_people\diyas\batch_002\frame_001547s.jpg,source_numeric,7
D02_20260420073459_001548.jpg,frames_with_people\diyas\batch_002\frame_001548s.jpg,source_numeric,8
D02_20260420073459_001549.jpg,frames_with_people\diyas\batch_002\frame_001549s.jpg,source_numeric,8
D02_20260420073459_001550.jpg,frames_with_people\diyas\batch_002\frame_001550s.jpg,source_numeric,9
D02_20260420073459_001551.jpg,frames_with_people\diyas\batch_002\frame_001551s.jpg,source_numeric,9
D02_20260420073459_001552.jpg,frames_with_people\diyas\batch_002\frame_001552s.jpg,source_numeric,8
D02_20260420073459_001553.jpg,frames_with_people\diyas\batch_002\frame_001553s.jpg,source_numeric,8
D02_20260420073459_001563.jpg,frames_with_people\diyas\batch_002\frame_001563s.jpg,source_numeric,8
D02_20260420073459_001564.jpg,frames_with_people\diyas\batch_002\frame_001564s.jpg,source_numeric,8
D02_20260420073459_001565.jpg,frames_with_people\diyas\batch_002\frame_001565s.jpg,source_numeric,7
D02_20260420073459_001566.jpg,frames_with_people\diyas\batch_002\frame_001566s.jpg,source_numeric,7
D02_20260420073459_001567.jpg,frames_with_people\diyas\batch_002\frame_001567s.jpg,source_numeric,8
D02_20260420073459_001568.jpg,frames_with_people\diyas\batch_002\frame_001568s.jpg,source_numeric,8
D02_20260420073459_001569.jpg,frames_with_people\diyas\batch_002\frame_001569s.jpg,source_numeric,8
D02_20260420073459_001570.jpg,frames_with_people\diyas\batch_002\frame_001570s.jpg,source_numeric,8
D02_20260420073459_001571.jpg,frames_with_people\diyas\batch_002\frame_001571s.jpg,source_numeric,8
D02_20260420073459_001572.jpg,frames_with_people\diyas\batch_002\frame_001572s.jpg,source_numeric,8
D02_20260420073459_001573.jpg,frames_with_people\diyas\batch_002\frame_001573s.jpg,source_numeric,9
D02_20260420073459_001578.jpg,frames_with_people\diyas\batch_002\frame_001578s.jpg,source_numeric,9
D02_20260420073459_001579.jpg,frames_with_people\diyas\batch_002\frame_001579s.jpg,source_numeric,9
D02_20260420073459_001580.jpg,frames_with_people\diyas\batch_002\frame_001580s.jpg,source_numeric,9
D02_20260420073459_001581.jpg,frames_with_people\diyas\batch_002\frame_001581s.jpg,source_numeric,9
D02_20260420073459_001582.jpg,frames_with_people\diyas\batch_002\frame_001582s.jpg,source_numeric,9
D02_20260420073459_001626.jpg,frames_with_people\diyas\batch_002\frame_001626s.jpg,source_numeric,6
D02_20260420073459_001627.jpg,frames_with_people\diyas\batch_002\frame_001627s.jpg,source_numeric,6
D02_20260420073459_001640.jpg,frames_with_people\diyas\batch_002\frame_001640s.jpg,source_numeric,6
D02_20260420073459_001646.jpg,frames_with_people\diyas\batch_002\frame_001646s.jpg,source_numeric,6
D02_20260420073459_001662.jpg,frames_with_people\diyas\batch_002\frame_001662s.jpg,source_numeric,6
D02_20260420073459_001664.jpg,frames_with_people\diyas\batch_002\frame_001664s.jpg,source_numeric,6
D02_20260420073459_001672.jpg,frames_with_people\diyas\batch_002\frame_001672s.jpg,source_numeric,5
D02_20260420073459_001673.jpg,frames_with_people\diyas\batch_002\frame_001673s.jpg,source_numeric,5
D02_20260420073459_001674.jpg,frames_with_people\diyas\batch_002\frame_001674s.jpg,source_numeric,5
D02_20260420073459_001675.jpg,frames_with_people\diyas\batch_002\frame_001675s.jpg,source_numeric,5
D02_20260420073459_001676.jpg,frames_with_people\diyas\batch_002\frame_001676s.jpg,source_numeric,6
D02_20260420073459_001677.jpg,frames_with_people\diyas\batch_002\frame_001677s.jpg,source_numeric,4
D02_20260420073459_001678.jpg,frames_with_people\diyas\batch_002\frame_001678s.jpg,source_numeric,3
D02_20260420073459_001679.jpg,frames_with_people\diyas\batch_002\frame_001679s.jpg,source_numeric,3
D02_20260420073459_001691.jpg,frames_with_people\diyas\batch_002\frame_001691s.jpg,source_numeric,3
D02_20260420073459_001692.jpg,frames_with_people\diyas\batch_002\frame_001692s.jpg,source_numeric,2
D02_20260420073459_001693.jpg,frames_with_people\diyas\batch_002\frame_001693s.jpg,source_numeric,3
D02_20260420073459_001696.jpg,frames_with_people\diyas\batch_002\frame_001696s.jpg,source_numeric,4
D02_20260420073459_001705.jpg,frames_with_people\diyas\batch_002\frame_001705s.jpg,source_numeric,3
D02_20260420073459_001706.jpg,frames_with_people\diyas\batch_002\frame_001706s.jpg,source_numeric,6
D02_20260420073459_001711.jpg,frames_with_people\diyas\batch_002\frame_001711s.jpg,source_numeric,3
D02_20260420073459_001713.jpg,frames_with_people\diyas\batch_002\frame_001713s.jpg,source_numeric,6
D02_20260420073459_001714.jpg,frames_with_people\diyas\batch_002\frame_001714s.jpg,source_numeric,6
D02_20260420073459_001715.jpg,frames_with_people\diyas\batch_002\frame_001715s.jpg,source_numeric,7
D02_20260420073459_001716.jpg,frames_with_people\diyas\batch_002\frame_001716s.jpg,source_numeric,7
D02_20260420073459_001717.jpg,frames_with_people\diyas\batch_002\frame_001717s.jpg,source_numeric,8
D02_20260420073459_001718.jpg,frames_with_people\diyas\batch_002\frame_001718s.jpg,source_numeric,10
D02_20260420073459_001719.jpg,frames_with_people\diyas\batch_002\frame_001719s.jpg,source_numeric,9
D02_20260420073459_001720.jpg,frames_with_people\diyas\batch_002\frame_001720s.jpg,source_numeric,7
D02_20260420073459_001721.jpg,frames_with_people\diyas\batch_002\frame_001721s.jpg,source_numeric,7
D02_20260420073459_001722.jpg,frames_with_people\diyas\batch_002\frame_001722s.jpg,source_numeric,7
D02_20260420073459_001723.jpg,frames_with_people\diyas\batch_002\frame_001723s.jpg,source_numeric,8
D02_20260420073459_001724.jpg,frames_with_people\diyas\batch_002\frame_001724s.jpg,source_numeric,6
D02_20260420073459_001725.jpg,frames_with_people\diyas\batch_002\frame_001725s.jpg,source_numeric,6
D02_20260420073459_001726.jpg,frames_with_people\diyas\batch_002\frame_001726s.jpg,source_numeric,5
D02_20260420073459_001727.jpg,frames_with_people\diyas\batch_002\frame_001727s.jpg,source_numeric,4
D02_20260420073459_001734.jpg,frames_with_people\diyas\batch_002\frame_001734s.jpg,source_numeric,4
D02_20260420073459_001735.jpg,frames_with_people\diyas\batch_002\frame_001735s.jpg,source_numeric,4
D02_20260420073459_001736.jpg,frames_with_people\diyas\batch_002\frame_001736s.jpg,source_numeric,4
D02_20260420073459_001737.jpg,frames_with_people\diyas\batch_002\frame_001737s.jpg,source_numeric,4
D02_20260420073459_001738.jpg,frames_with_people\diyas\batch_002\frame_001738s.jpg,source_numeric,0
D02_20260420073459_001739.jpg,frames_with_people\diyas\batch_002\frame_001739s.jpg,source_numeric,3
D02_20260420073459_001740.jpg,frames_with_people\diyas\batch_002\frame_001740s.jpg,source_numeric,3
